{
    "epoch": [
        1,
        2,
        3,
        4,
        5
    ],
    "training_loss": [
        0.8545504099793612,
        0.20531817305658925,
        0.11743650626650448,
        0.0655949516982408,
        0.0334349566800492
    ],
    "validation_loss": [
        0.2685406644887985,
        0.2390016046189425,
        0.25035918561743564,
        0.25695435091643504,
        0.28366007449604436
    ],
    "intent_accuracy": [
        0.9417185554171855,
        0.9489414694894147,
        0.9486924034869241,
        0.9474470734744708,
        0.9454545454545454
    ],
    "category_accuracy": [
        0.9571606475716065,
        0.9641344956413449,
        0.9596513075965131,
        0.9651307596513076,
        0.961892901618929
    ],
    "ner_f1": [
        0.041418449750803464,
        0.02554181867713897,
        0.013288070832491889,
        0.014313037125622145,
        0.008585583780687554
    ]
}